{
  "split": {
    "train_ratio": 0.7,
    "test_ratio": 0.3
  },
  "rows": {
    "total": 7422,
    "train": 5195,
    "test": 2227
  },
  "classification": {
    "accuracy": 0.5024696901661428,
    "precision": 0.5177548682703322,
    "recall": 0.3968393327480246,
    "f1": 0.44930417495029823,
    "tp": 452,
    "tn": 667,
    "fp": 421,
    "fn": 687
  },
  "regression": {
    "sl_rmse": 0.05571475699118857,
    "sl_mae": 0.04257112528793979,
    "sg_rmse": 0.07303973713354449,
    "sg_mae": 0.053509793378486284,
    "vol_rmse": 0.010600953442447115,
    "vol_mae": 0.007630019828655587
  }
}