{
  "split": {
    "train_ratio": 0.7,
    "test_ratio": 0.3
  },
  "rows": {
    "total": 18186,
    "train": 12730,
    "test": 5456
  },
  "classification": {
    "accuracy": 0.46847507331378296,
    "precision": 0.504149377593361,
    "recall": 0.5809426229508197,
    "f1": 0.5398286258330689,
    "tp": 1701,
    "tn": 855,
    "fp": 1673,
    "fn": 1227
  },
  "regression": {
    "sl_rmse": 0.03631433965359607,
    "sl_mae": 0.023398439233656615,
    "sg_rmse": 0.045266742247173135,
    "sg_mae": 0.03429796630029851,
    "vol_rmse": 0.007375795642309556,
    "vol_mae": 0.004746060849247273
  }
}