{
  "split": {
    "train_ratio": 0.7,
    "test_ratio": 0.3
  },
  "rows": {
    "total": 7422,
    "train": 5195,
    "test": 2227
  },
  "classification": {
    "accuracy": 0.5240233497979344,
    "precision": 0.5170556552962298,
    "recall": 0.7735004476275739,
    "f1": 0.6197991391678621,
    "tp": 864,
    "tn": 303,
    "fp": 807,
    "fn": 253
  },
  "regression": {
    "sl_rmse": 0.05103895865441634,
    "sl_mae": 0.03601392219417817,
    "sg_rmse": 0.05275080291292061,
    "sg_mae": 0.04110841530863138,
    "vol_rmse": 0.010111677721634687,
    "vol_mae": 0.007252224962623669
  }
}