{
  "split": {
    "train_ratio": 0.7,
    "test_ratio": 0.3
  },
  "rows": {
    "total": 11133,
    "train": 7793,
    "test": 3340
  },
  "classification": {
    "accuracy": 0.5083832335329341,
    "precision": 0.5212443095599393,
    "recall": 0.4045936395759717,
    "f1": 0.4555702917771883,
    "tp": 687,
    "tn": 1011,
    "fp": 631,
    "fn": 1011
  },
  "regression": {
    "sl_rmse": 0.044940758939689726,
    "sl_mae": 0.03444714640478288,
    "sg_rmse": 0.05005966578781055,
    "sg_mae": 0.037257071079017975,
    "vol_rmse": 0.008460273035717121,
    "vol_mae": 0.006332419874636781
  }
}