{
  "split": {
    "train_ratio": 0.7,
    "test_ratio": 0.3
  },
  "rows": {
    "total": 1237,
    "train": 865,
    "test": 372
  },
  "classification": {
    "accuracy": 0.5349462365591398,
    "precision": 0.6703296703296703,
    "recall": 0.29901960784313725,
    "f1": 0.41355932203389834,
    "tp": 61,
    "tn": 138,
    "fp": 30,
    "fn": 143
  },
  "regression": {
    "sl_rmse": 0.05340448185402411,
    "sl_mae": 0.0421829470111388,
    "sg_rmse": 0.05225487788547177,
    "sg_mae": 0.03693078538588748,
    "vol_rmse": 0.009025553879776249,
    "vol_mae": 0.007331294880144605
  }
}