{
  "split": {
    "train_ratio": 0.7,
    "test_ratio": 0.3
  },
  "rows": {
    "total": 7243,
    "train": 5070,
    "test": 2173
  },
  "classification": {
    "accuracy": 0.4772204325816843,
    "precision": 0.5416058394160584,
    "recall": 0.5936,
    "f1": 0.566412213740458,
    "tp": 742,
    "tn": 295,
    "fp": 628,
    "fn": 508
  },
  "regression": {
    "sl_rmse": 0.04352252064802349,
    "sl_mae": 0.03177235492837797,
    "sg_rmse": 0.04955785583736004,
    "sg_mae": 0.037160591650447626,
    "vol_rmse": 0.006995878704010672,
    "vol_mae": 0.005076442585106109
  }
}