{
  "split": {
    "train_ratio": 0.7,
    "test_ratio": 0.3
  },
  "rows": {
    "total": 11045,
    "train": 7731,
    "test": 3314
  },
  "classification": {
    "accuracy": 0.4996982498491249,
    "precision": 0.508524833209785,
    "recall": 0.4080904223676383,
    "f1": 0.45280528052805274,
    "tp": 686,
    "tn": 970,
    "fp": 663,
    "fn": 995
  },
  "regression": {
    "sl_rmse": 0.06038437110802551,
    "sl_mae": 0.0465774741371437,
    "sg_rmse": 0.07631219443107706,
    "sg_mae": 0.05370875965901621,
    "vol_rmse": 0.013602424007112679,
    "vol_mae": 0.009550228183879152
  }
}