{
  "split": {
    "train_ratio": 0.7,
    "test_ratio": 0.3
  },
  "rows": {
    "total": 16044,
    "train": 11230,
    "test": 4814
  },
  "classification": {
    "accuracy": 0.5072704611549647,
    "precision": 0.5336706889840405,
    "recall": 0.5387033398821218,
    "f1": 0.5361752053187329,
    "tp": 1371,
    "tn": 1071,
    "fp": 1198,
    "fn": 1174
  },
  "regression": {
    "sl_rmse": 0.04215740231191286,
    "sl_mae": 0.029759986908505502,
    "sg_rmse": 0.04457270472950687,
    "sg_mae": 0.0340065121188705,
    "vol_rmse": 0.010578665528480979,
    "vol_mae": 0.005818324035842967
  }
}