{
  "split": {
    "train_ratio": 0.7,
    "test_ratio": 0.3
  },
  "rows": {
    "total": 2474,
    "train": 1731,
    "test": 743
  },
  "classification": {
    "accuracy": 0.4535666218034993,
    "precision": 0.5601659751037344,
    "recall": 0.3103448275862069,
    "f1": 0.3994082840236687,
    "tp": 135,
    "tn": 202,
    "fp": 106,
    "fn": 300
  },
  "regression": {
    "sl_rmse": 0.02885690656402601,
    "sl_mae": 0.024132132266318333,
    "sg_rmse": 0.04133357932253835,
    "sg_mae": 0.03085649443193724,
    "vol_rmse": 0.005930620400990411,
    "vol_mae": 0.004668644096820901
  }
}