{
  "split": {
    "train_ratio": 0.7,
    "test_ratio": 0.3
  },
  "rows": {
    "total": 8617,
    "train": 6031,
    "test": 2586
  },
  "classification": {
    "accuracy": 0.48646558391337974,
    "precision": 0.4731560461615655,
    "recall": 0.7723177723177723,
    "f1": 0.5868077162414438,
    "tp": 943,
    "tn": 315,
    "fp": 1050,
    "fn": 278
  },
  "regression": {
    "sl_rmse": 0.050461190588646364,
    "sl_mae": 0.035895808365274916,
    "sg_rmse": 0.19278231716663285,
    "sg_mae": 0.10030619549948663,
    "vol_rmse": 0.02649458111969033,
    "vol_mae": 0.01536822166996978
  }
}