{
  "split": {
    "train_ratio": 0.7,
    "test_ratio": 0.3
  },
  "rows": {
    "total": 4948,
    "train": 3463,
    "test": 1485
  },
  "classification": {
    "accuracy": 0.5016835016835017,
    "precision": 0.4908579465541491,
    "recall": 0.48005502063273725,
    "f1": 0.4853963838664812,
    "tp": 349,
    "tn": 396,
    "fp": 362,
    "fn": 378
  },
  "regression": {
    "sl_rmse": 0.04662084134247596,
    "sl_mae": 0.03506972236444094,
    "sg_rmse": 0.04883287362759192,
    "sg_mae": 0.03668672760230666,
    "vol_rmse": 0.009025957640122857,
    "vol_mae": 0.006357477038474409
  }
}