{
  "split": {
    "train_ratio": 0.7,
    "test_ratio": 0.3
  },
  "rows": {
    "total": 95771,
    "train": 67039,
    "test": 28732
  },
  "classification": {
    "accuracy": 0.511207016566894,
    "precision": 0.527488236345226,
    "recall": 0.5917017438364401,
    "f1": 0.5577528656002015,
    "tp": 8856,
    "tn": 5832,
    "fp": 7933,
    "fn": 6111
  },
  "regression": {
    "sl_rmse": 0.04374431205723725,
    "sl_mae": 0.03131409009508392,
    "sg_rmse": 0.05124643967554157,
    "sg_mae": 0.03678094371560046,
    "vol_rmse": 0.009048417665719833,
    "vol_mae": 0.0060532976205952375
  }
}